# Exam 1,Exam 2,Exam 3
9.000000000000000000e+01,8.700000000000000000e+01,9.600000000000000000e+01
7.900000000000000000e+01,1.000000000000000000e+02,9.200000000000000000e+01
9.800000000000000000e+01,6.000000000000000000e+01,7.400000000000000000e+01
